{
    "token": "",
    "open_token": "",
    "open_api_url": "get|https://adrive.xdow.net/oauth/access_token",
    "oauth_client_id": "",
    "oauth_client_secret": "",
    "oauth_auth_url": "",
    "oauth_refresh_url": "",
    "thread_limit": 32,
    "is_vip": true,
    "vip_thread_limit": 10,
    "vod_flags": "4kz|auto",
    "quark_thread_limit": 32,
    "quark_is_vip": false,
    "quark_vip_thread_limit": 32,
    "quark_flags": "4kz|auto",
    "uc_thread_limit": 0,
    "uc_is_vip": false,
    "uc_vip_thread_limit": 0,
    "uc_flags": "4kz|auto",
    "thunder_thread_limit": 2,
    "thunder_is_vip": false,
    "thunder_vip_thread_limit": 2,
    "thunder_flags": "4k|4kz|auto",
    "aliproxy": "proxy",
    "aliproxy_url": "proxy",
    "proxy": "proxy",
    "danmu": false,
    "quark_danmu": false,
    "quark_cookie": "",
    "uc_cookie": "",
    "thunder_username": "",
    "thunder_password": "",
    "thunder_captchatoken": "",
    "yd_auth": "",
    "yd_thread_limit": 4,
    "yd_flags": "auto|4kz",
    "yd_danmu": false,
    "pikpak_username": "",
    "pikpak_password": "",
    "pikpak_flags": "4k|auto",
    "pikpak_thread_limit": 2,
    "pikpak_vip_thread_limit": 2,
    "pikpak_proxy": "127.0.0.1:10172",
    "pikpak_proxy_onlyapi": false,
    "pikpak_danmu":false,
    "libxl_url": "./libxl_thunder_sdk.so",
    "youtube_proxy": "proxy",
    "singbox_url": "./sing-box.gz",
    "singbox_subscribe_url": "https://alvless.comorg.us.kg/sub?host=syvless.6516789.xyz&uuid=99280094-e683-476b-a3cd-0d37c3892c6f",
    "singbox_clash2singbox_url": "./clash2singbox.gz",
    "singbox_template_url": "./singbox.json"
}