{
  "vodPic": "https://x.imgs.ovh/x/2023/09/05/64f680bb030b4.png",
  "drives": [
    {
      "name": "小雅",
      "server": "http://alist.xiaoya.pro"
    },
    {
      "name": "觸光",
      "server": "https://pan.ichuguang.com"
    },
    {
      "name": "一只魚",
      "server": "https://vtok.pp.ua/"
    },
    {
      "name": "七米藍",
      "server": "https://al.chirmyram.com"
    },
    {
      "name": "神族九帝",
      "server": "https://alist.shenzjd.com"
    },
    {
      "name": "梓澪",
      "server": "https://zi0.cc"
    },
    {
      "name": "範本",
      "server": "https://one.fongmi.com",
      "search": true,
      "hidden": false,
      "login": {
        "username": "fongmi",
        "password": "fongmi"
      },
      "params": [
        {
          "path": "/安齋拉拉",
          "pass": "18181818"
        }
      ]
    }
  ]
}
[
   {
      "name": "🙋丫仙女",
      "server": "http://alist.xiaoya.pro/",
      "startPage": "/",
      "showAll": false,
      "search": true,
      "headers": {
         "Authorization": ""
      },
      "params": {
         "/abc": {
            "password": "123"
         },
         "/abc/abc": {
            "password": "123"
         }
      }
   },
   {
      "name": "🐋一只鱼",
      "server": "https://alist.youte.ml"
   },
   {
      "name": "🌊七米蓝",
      "server": "https://al.chirmyram.com"
   },
   {
      "name": "🐉神族九帝",
      "server": "https://alist.shenzjd.com"
   },
   {
      "name": "☃️姬路白雪",
      "server": "https://pan.jlbx.xyz"
   },
   {
      "name": "✨星梦",
      "server": "https://pan.bashroot.top"
   },
   {
      "name": "💢repl",
      "server": "https://ali.liucn.repl.co"
   },
   {
      "name": "💦讯维云盘",
      "server": "https://pan.xwbeta.com"
   }
]
