{
    "spider": "./pg.jar",
    "sites": [
        {
            "key": "网盘配置",
            "name": "网盘及彈幕配置",
            "type": 3,
            "api": "csp_Config",
            "searchable": 0,
            "changeable": 0,
            "ext": "./tokentemplate.json"
        },
        {"key":"星星",
        "name":"星视界|海外",
        "playUrl": "json:http://127.0.0.1:10079/parse/?thread=0&proxy=&url=",
        "type":3,"style":{"type":"rect","ratio":1.485},
        "api":"csp_Star",
        "searchable":1,
        "changeable":1,
        "ext":"127.0.0.1:10073"
        },
        {"key":"csp_Nbys",
        "name":"蜂蜜新泥巴",
        "playUrl": "json:http://127.0.0.1:10079/parse/?thread=0&proxy=&url=",
        "type":3,
        "style":{"type":"rect","ratio":1.485},
        "api":"csp_NiNi",
        "searchable":1,
        "changeable":1,
        "ext":"0$$$127.0.0.1:10073"
        }],
    "lives": [
        {
            "name": "live.ipv6",
            "type": 0,
            "url": "http://127.0.0.1:10079/p/0/proxy/https://fanmingming.com/txt?url=https://live.fanmingming.com/tv/m3u/ipv6.m3u",
            "playerType": 1,
            "ua": "okhttp/3.15",
            "epg": "http://127.0.0.1:10079/p/0/proxy/http://epg.112114.xyz/?ch={name}&date={date}",
            "logo": "http://127.0.0.1:10079/p/0/proxy/https://epg.112114.xyz/logo/{name}.png"
        },
        {
            "name": "live.ipv6.m3u",
            "type": 0,
            "url": "http://127.0.0.1:10079/p/0/proxy/https://live.fanmingming.com/tv/m3u/ipv6.m3u",
            "playerType": 1,
            "ua": "okhttp/3.15",
            "epg": "http://127.0.0.1:10079/p/0/proxy/http://epg.112114.xyz/?ch={name}&date={date}",
            "logo": "http://127.0.0.1:10079/p/0/proxy/https://epg.112114.xyz/logo/{name}.png"
        },
        {
            "name": "live.ipv6.local",
            "type": 0,
            "url": "./lib/live.ipv6.txt",
            "playerType": 1,
            "ua": "okhttp/3.15",
            "epg": "http://127.0.0.1:10079/p/0/proxy/http://epg.112114.xyz/?ch={name}&date={date}",
            "logo": "http://127.0.0.1:10079/p/0/proxy/https://epg.112114.xyz/logo/{name}.png"
        },
        {
            "name": "live.fan",
            "type": 0,
            "url": "http://127.0.0.1:10079/p/0/proxy/https://raw.githubusercontent.com/dxawi/0/main/tvlive.txt",
            "playerType": 1,
            "ua": "okhttp/3.15",
            "epg": "http://127.0.0.1:10079/p/0/proxy/http://epg.112114.xyz/?ch={name}&date={date}",
            "logo": "http://127.0.0.1:10079/p/0/proxy/https://epg.112114.xyz/logo/{name}.png"
        },
        {
            "name": "自己",
            "type": 0,
            "playerType": 1,
            "url": "http://我艹.x10.mx/iptv.m3u"
        },
        {
            "name": "YTLive",
            "type": 0,
            "playerType": 1,
            "url": "./lib/yo21.txt"
        },
        {
            "name": "直播",
            "type": 0,
            "playerType": 1,
            "url": "https://agit.ai/Yoursmile7/TVBox/raw/branch/master/live.txt",
            "epg": "http://127.0.0.1:10079/p/0/proxy/https://epg.112114.xyz/?ch={name}&date={date}",
            "logo": "http://127.0.0.1:10079/p/0/proxy/https://epg.112114.xyz/logo/{name}.png"
        },
        {
            "name": "TXT",
            "type": 0,
            "playerType": 1,
            "url": "http://home.jundie.top:81/Cat/tv/live.txt",
            "epg": "http://127.0.0.1:10079/p/0/proxy/https://epg.112114.xyz/?ch={name}&date={date}",
            "logo": "http://127.0.0.1:10079/p/0/proxy/https://epg.112114.xyz/logo/{name}.png",
            "ua": "Mozilla/5.0 (Windows NT 10.0; Win64; x64) AppleWebKit/537.36 (KHTML, like Gecko) Chrome/108.0.0.0 Safari/537.36"
        },
        {
            "name": "Json",
            "type": 1,
            "playerType": 1,
            "url": "http://127.0.0.1:10079/p/0/proxy/https://raw.githubusercontent.com/FongMi/CatVodSpider/main/json/live.json",
            "epg": "http://127.0.0.1:10079/p/0/proxy/https://epg.112114.xyz/?ch={name}&date={date}",
            "logo": "http://127.0.0.1:10079/p/0/proxy/https://epg.112114.xyz/logo/{name}.png",
            "ua": "Mozilla/5.0 (Windows NT 10.0; Win64; x64) AppleWebKit/537.36 (KHTML, like Gecko) Chrome/108.0.0.0 Safari/537.36"
        },
        {
            "name": "live.feimao",
            "type": 0,
            "playerType": 1,
            "url": "http://127.0.0.1:10079/p/0/proxy/http://我不是.肥猫.live/TV/tvzb.txt",
            "ua": "okhttp/3.12.13",
            "epg": "http://127.0.0.1:10079/p/0/proxy/https://epg.112114.xyz/?ch={name}&date={date}",
            "logo": "http://127.0.0.1:10079/p/0/proxy/https://epg.112114.xyz/logo/{name}.png"
        },
        {
            "group": "redirect",
            "channels": [
                {
                    "name": "redirect",
                    "urls": [
                        "proxy://do=live&type=live&proxy=&url="
                    ]
                }
            ]
        }
    ],
    "doh": [
        {
            "name": "Google",
            "url": "https://dns.google/dns-query",
            "ips": [
                "8.8.4.4",
                "8.8.8.8"
            ]
        },
        {
            "name": "Cloudflare",
            "url": "https://cloudflare-dns.com/dns-query",
            "ips": [
                "1.1.1.1",
                "1.0.0.1",
                "2606:4700:4700::1111",
                "2606:4700:4700::1001"
            ]
        },
        {
            "name": "AdGuard",
            "url": "https://dns.adguard.com/dns-query",
            "ips": [
                "94.140.14.140",
                "94.140.14.141"
            ]
        },
        {
            "name": "DNSWatch",
            "url": "https://resolver2.dns.watch/dns-query",
            "ips": [
                "84.200.69.80",
                "84.200.70.40"
            ]
        },
        {
            "name": "Quad9",
            "url": "https://dns.quad9.net/dns-quer",
            "ips": [
                "9.9.9.9",
                "149.112.112.112"
            ]
        }
    ],
    "rules": [
        {
            "name": "proxy",
            "hosts": [
                "raw.githubusercontent.com",
                "googlevideo.com",
                "cdn.v82u1l.com",
                "cdn.iz8qkg.com",
                "cdn.kin6c1.com",
                "c.biggggg.com",
                "c.olddddd.com",
                "haiwaikan.com",
                "www.histar.tv",
                "youtube.com",
                "uhibo.com",
                ".*boku.*",
                ".*nivod.*",
                "*.t4tv.hz.cz",
                ".*ulivetv.*"
            ]
        },
        {
            "host": "www.djuu.com",
            "rule": [
                "mp4.djuu.com",
                "m4a"
            ]
        },
        {
            "host": "www.sharenice.net",
            "rule": [
                "huoshan.com",
                "/item/video/"
            ],
            "filter": []
        },
        {
            "host": "www.sharenice.net",
            "rule": [
                "sovv.qianpailive.com",
                "vid="
            ],
            "filter": []
        },
        {
            "host": "www.sharenice.net",
            "rule": [
                "douyin.com",
                "/play/"
            ]
        },
        {
            "host": "m.ysxs8.vip",
            "rule": [
                "ysting.ysxs8.vip:81",
                "xmcdn.com"
            ],
            "filter": []
        },
        {
            "host": "hdmoli.com",
            "rule": [
                ".m3u8"
            ]
        },
        {
            "host": "https://api.live.bilibili.com",
            "rule": [
                "bilivideo.com",
                "/index.m3u8"
            ],
            "filter": [
                "data.bilibili.com/log/web",
                "i0.hdslb.com/bfs/live/"
            ]
        },
        {
            "host": "www.agemys.cc",
            "rule": [
                "cdn-tos",
                "obj/tos-cn"
            ]
        },
        {
            "host": "www.fun4k.com",
            "rule": [
                "https://hd.ijycnd.com/play",
                "index.m3u8"
            ]
        },
        {
            "host": "zjmiao.com",
            "rule": [
                "play.videomiao.vip/API.php",
                "time=",
                "key=",
                "path="
            ]
        },
        {
            "name": "火山嗅探",
            "hosts": [
                "huoshan.com"
            ],
            "regex": [
                "item_id="
            ]
        },
        {
            "name": "抖音嗅探",
            "hosts": [
                "douyin.com"
            ],
            "regex": [
                "is_play_url="
            ]
        },
        {
            "name": "農民嗅探",
            "hosts": [
                "toutiaovod.com"
            ],
            "regex": [
                "video/tos/cn"
            ]
        },
        {
            "name": "夜市",
            "hosts": [
                "yeslivetv.com"
            ],
            "script": [
                "document.getElementsByClassName('vjs-big-play-button')[0].click()"
            ]
        },
        {
            "name": "毛驢",
            "hosts": [
                "www.maolvys.com"
            ],
            "script": [
                "document.getElementsByClassName('swal-button swal-button--confirm')[0].click()"
            ]
        },
        {
            "name": "磁力广告",
            "hosts": [
                "magnet"
            ],
            "regex": [
                "更多",
                "社 區",
                "x u u",
                "最 新",
                "直 播",
                "更 新",
                "社 区",
                "有 趣",
                "英皇体育",
                "全中文AV在线",
                "澳门皇冠赌场",
                "哥哥快来",
                "美女荷官",
                "裸聊",
                "新片首发",
                "UUE29"
            ]
        }
    ],
    "parses": [
        {
            "name": "777",
            "type": 0,
            "url": "https://jx.777jiexi.com/player/?url="
        },
        {
            "name": "杰森",
            "type": 0,
            "url": "https://jx.jsonplayer.com/player/?url="
        },
        {
            "name": "战狼",
            "type": 0,
            "url": "https://jx.zhanlangbu.com/?url="
        },
        {
            "name": "ok",
            "type": 0,
            "url": "https://okjx.cc/?url="
        },
        {
            "name": "bozrc",
            "type": 0,
            "url": "https://jx.bozrc.com:4433/player/?url=",
            "ext": {
                "flag": [
                    "qq",
                    "腾讯",
                    "qiyi",
                    "爱奇艺",
                    "奇艺",
                    "youku",
                    "优酷",
                    "mgtv",
                    "芒果",
                    "letv",
                    "leshi",
                    "LS",
                    "pptv",
                    "PPTV",
                    "sohu",
                    "bilibili",
                    "哔哩哔哩",
                    "哔哩"
                ],
                "header": {
                    "User-Agent": ""
                }
            }
        },
        {
            "name": "不累",
            "type": 0,
            "url": "https://blbfq.f3322.net/player/analysis.php?v=",
            "ext": {
                "flag": [
                    "qiyi",
                    "qq",
                    "letv",
                    "sohu",
                    "youku",
                    "mgtv",
                    "bilibili",
                    "wasu",
                    "xigua",
                    "1905"
                ]
            }
        },
        {
            "name": "cod",
            "type": 0,
            "url": "https://ksksl.codjx.com/?url="
        },
        {
            "name": "byg解析",
            "type": 0,
            "url": "https://byg.ziqj5.shop/?url="
        },
        {
            "name": "xmflv",
            "type": 0,
            "url": "https://jx.xmflv.com/?url="
        },
        {
            "name": "365",
            "type": 0,
            "url": "https://chaxun.truechat365.com/?url=",
            "ext": {
                "flag": [
                    "qq",
                    "腾讯",
                    "qiyi",
                    "iqiyi",
                    "爱奇艺",
                    "奇艺",
                    "youku",
                    "优酷",
                    "mgtv",
                    "芒果",
                    "letv",
                    "乐视",
                    "pptv",
                    "PPTV",
                    "sohu",
                    "bilibili",
                    "哔哩哔哩",
                    "哔哩"
                ]
            }
        },
        {
            "name": "26db",
            "type": 0,
            "url": "http://vip.26db.cn/g/?url="
        },
        {
            "name": "看看",
            "type": 0,
            "url": "https://jx.m3u8.pw/?url="
        },
        {
            "name": "FreeOK",
            "type": 0,
            "url": "https://play.86516.tk/OKPlayer/?url="
        },
        {
            "name": "free",
            "type": 0,
            "url": "https://h5.freejson.xyz/player/?url="
        }
    ],
    "flags": [
        "youku",
        "qq",
        "iqiyi",
        "qiyi",
        "letv",
        "sohu",
        "tudou",
        "pptv",
        "mgtv",
        "wasu"
    ],
    "wallpaper": "http://饭太硬.top/深色壁纸/api.php",
    "disabled_wallpaper": "http://www.kf666888.cn/api/tvbox/img"
}